Mutation type,Trinucleotide,SBS2,SBS7a,SBS7b
C>A,ACA,5.8e-07,6.7e-05,0.00233
C>A,ACC,0.000148,0.000179,0.000461
C>A,ACG,5.23e-05,7.12e-05,0.000186
C>A,ACT,9.78e-05,0.000248,0.00071
C>A,CCA,0.000208,0.000455,0.00114
C>A,CCC,9.53e-05,0.00024,0.00155
C>A,CCG,2.23e-16,2.23e-16,0.000408
C>A,CCT,0.000421,0.000372,0.00149
C>A,GCA,8.62e-05,4.06e-05,0.000746
C>A,GCC,2.23e-16,0.000138,0.000215
C>A,GCG,1.39e-05,4.25e-05,7.29e-05
C>A,GCT,5.12e-05,2.23e-16,0.000147
C>A,TCA,0.000639,0.00039,0.0029
C>A,TCC,0.00017,0.000636,0.00352
C>A,TCG,8.53e-05,3.44e-05,3e-04
C>A,TCT,0.00044,0.000613,0.00141
C>G,ACA,2.23e-16,6.49e-05,8.56e-06
C>G,ACC,0.000133,2.16e-05,0.000189
C>G,ACG,1.52e-05,5.08e-05,0.000505
C>G,ACT,9.12e-05,9.56e-05,0.000285
C>G,CCA,2.23e-16,2.23e-16,0.000458
C>G,CCC,0.000351,0.000131,0.00096
C>G,CCG,4.87e-05,7.75e-05,0.000791
C>G,CCT,6.36e-05,9.56e-05,0.00089
C>G,GCA,6.54e-05,1.96e-05,5.11e-05
C>G,GCC,0.000261,3.32e-05,0.000452
C>G,GCG,2.23e-16,4.51e-05,0.000337
C>G,GCT,0.000134,4.2e-05,0.000277
C>G,TCA,2.23e-16,2.23e-16,0.000254
C>G,TCC,9.87e-05,5.09e-05,0.00162
C>G,TCG,4.12e-05,6.35e-06,0.000364
C>G,TCT,0.00118,0.000281,0.000714
C>T,ACA,6.11e-05,0.000122,0.00141
C>T,ACC,0.00138,0.0177,0.0381
C>T,ACG,3.27e-05,2.23e-16,0.000543
C>T,ACT,0.00186,0.00742,0.0108
C>T,CCA,0.00432,0.05,0.107
C>T,CCC,0.00017,0.0553,0.182
C>T,CCG,0.00277,0.00671,0.0221
C>T,CCT,0.00145,0.0566,0.126
C>T,GCA,2.23e-16,8.49e-05,0.000855
C>T,GCC,1.29e-07,0.0117,0.0263
C>T,GCG,2.23e-16,5.52e-06,0.000176
C>T,GCT,5.04e-05,0.0161,0.00539
C>T,TCA,0.536,0.238,0.00661
C>T,TCC,0.0973,0.331,0.211
C>T,TCG,0.0442,0.0741,0.0574
C>T,TCT,0.3,0.107,0.102
T>A,ATA,9.59e-05,0.00194,0.00249
T>A,ATC,0.000878,0.00067,0.000467
T>A,ATG,2.55e-05,0.000587,0.00156
T>A,ATT,2.23e-16,0.00371,0.00829
T>A,CTA,0.000243,0.000177,0.00112
T>A,CTC,0.000244,0.000261,0.000958
T>A,CTG,0.000149,0.000112,0.000883
T>A,CTT,2.23e-16,0.000371,0.000112
T>A,GTA,2.23e-16,0.000401,0.000526
T>A,GTC,0.000131,0.000224,0.000256
T>A,GTG,6.38e-05,0.00029,0.000656
T>A,GTT,6.28e-05,0.000306,5.59e-05
T>A,TTA,0.000422,0.000356,0.00324
T>A,TTC,0.000192,0.000389,0.00224
T>A,TTG,5.01e-05,2.23e-16,0.0017
T>A,TTT,0.000205,0.000798,2.22e-16
T>C,ATA,6.17e-05,0.00049,0.00102
T>C,ATC,2.15e-05,0.000227,0.000456
T>C,ATG,1.32e-05,0.000187,0.0015
T>C,ATT,0.000155,0.000615,0.00215
T>C,CTA,0.000302,0.000451,0.00153
T>C,CTC,2.85e-05,0.000259,0.00084
T>C,CTG,2.23e-16,0.000104,0.00073
T>C,CTT,0.000186,0.00182,0.00573
T>C,GTA,2.23e-16,0.000101,0.000266
T>C,GTC,2.74e-05,7.41e-05,2.22e-16
T>C,GTG,0.000107,7.25e-05,0.000529
T>C,GTT,1.25e-05,0.000811,0.00685
T>C,TTA,2.23e-16,0.00215,0.006
T>C,TTC,4.35e-05,0.000596,0.00173
T>C,TTG,0.000117,0.000319,0.00381
T>C,TTT,3.58e-05,0.000812,0.00297
T>G,ATA,0.000238,0.000473,8.44e-05
T>G,ATC,7.46e-05,0.000247,0.000932
T>G,ATG,2.05e-06,0.000276,0.00147
T>G,ATT,3.76e-06,0.000309,0.000733
T>G,CTA,0.000153,8.42e-05,0.000359
T>G,CTC,0.000155,0.000172,0.000792
T>G,CTG,0.000121,2.23e-16,0.00129
T>G,CTT,0.000203,2.65e-05,3.68e-06
T>G,GTA,0.000209,9.06e-05,0.000323
T>G,GTC,0.000133,0.000121,0.000321
T>G,GTG,3.71e-05,0.000325,0.00241
T>G,GTT,2.23e-16,0.000835,0.00183
T>G,TTA,1.67e-05,0.000128,0.000955
T>G,TTC,7.04e-05,0.000116,0.00155
T>G,TTG,9.54e-05,2.23e-16,0.00135
T>G,TTT,2.23e-16,8.29e-05,0.00177
