Mutation type,Trinucleotide,SBS1,SBS5
C>A,ACA,0.000886,0.012
C>A,ACC,0.00228,0.00944
C>A,ACG,0.000177,0.00185
C>A,ACT,0.00128,0.00661
C>A,CCA,0.000312,0.00743
C>A,CCC,0.00179,0.00614
C>A,CCG,9.32e-05,0.00346
C>A,CCT,2.23e-16,0.00649
C>A,GCA,0.00158,0.0102
C>A,GCC,0.000339,0.00765
C>A,GCG,0.000587,0.00234
C>A,GCT,2.23e-16,0.00682
C>A,TCA,6.58e-05,0.00786
C>A,TCC,0.00253,0.00917
C>A,TCG,2.23e-16,0.0023
C>A,TCT,5.88e-06,0.0127
C>G,ACA,0.00186,0.0101
C>G,ACC,0.00122,0.0057
C>G,ACG,0.000115,0.00172
C>G,ACT,0.00114,0.0101
C>G,CCA,2.41e-05,0.00696
C>G,CCC,7.68e-05,0.00907
C>G,CCG,0.000352,0.00249
C>G,CCT,2.23e-16,0.00953
C>G,GCA,9.59e-06,0.00468
C>G,GCC,0.000164,0.00508
C>G,GCG,0.000166,0.00151
C>G,GCT,2.23e-16,0.00672
C>G,TCA,2.23e-16,0.00781
C>G,TCC,0.000203,0.0076
C>G,TCG,6.94e-05,0.00171
C>G,TCT,0.00156,0.0125
C>T,ACA,0.025,0.0326
C>T,ACC,0.00632,0.0179
C>T,ACG,0.365,0.00618
C>T,ACT,0.00958,0.022
C>T,CCA,0.002,0.0194
C>T,CCC,0.00027,0.019
C>T,CCG,0.196,0.0175
C>T,CCT,0.000196,0.0231
C>T,GCA,0.00444,0.0194
C>T,GCC,9.28e-05,0.0216
C>T,GCG,0.218,0.0123
C>T,GCT,3.84e-05,0.0186
C>T,TCA,0.00111,0.0203
C>T,TCC,3.73e-05,0.023
C>T,TCG,0.11,0.0159
C>T,TCT,2.23e-16,0.021
T>A,ATA,8e-04,0.00738
T>A,ATC,0.00223,0.00693
T>A,ATG,0.00114,0.00912
T>A,ATT,0.000183,0.0062
T>A,CTA,4.3e-05,0.00354
T>A,CTC,0.000393,0.00519
T>A,CTG,0.000324,0.00501
T>A,CTT,0.00026,0.0043
T>A,GTA,8.12e-05,0.00367
T>A,GTC,0.000129,0.00291
T>A,GTG,0.000246,0.00411
T>A,GTT,0.000258,0.00322
T>A,TTA,0.00672,0.00631
T>A,TTC,2.23e-16,0.00414
T>A,TTG,2.8e-05,0.00479
T>A,TTT,0.00225,0.00875
T>C,ATA,0.00109,0.0462
T>C,ATC,0.00304,0.0134
T>C,ATG,0.000106,0.0382
T>C,ATT,0.00574,0.0383
T>C,CTA,2.23e-16,0.0133
T>C,CTC,0.0025,0.0104
T>C,CTG,0.00036,0.0208
T>C,CTT,4.26e-05,0.0149
T>C,GTA,0.00105,0.0141
T>C,GTC,0.0019,0.00794
T>C,GTG,0.00117,0.015
T>C,GTT,7.13e-05,0.0137
T>C,TTA,0.000255,0.018
T>C,TTC,0.00339,0.00971
T>C,TTG,0.000416,0.0127
T>C,TTT,0.00433,0.0185
T>G,ATA,0.000172,0.00386
T>G,ATC,0.000207,0.0026
T>G,ATG,0.000268,0.00794
T>G,ATT,0.000112,0.00483
T>G,CTA,3.55e-05,0.00259
T>G,CTC,0.000212,0.00461
T>G,CTG,0.000128,0.00613
T>G,CTT,0.000171,0.0073
T>G,GTA,2.23e-16,0.00252
T>G,GTC,2.23e-16,0.00171
T>G,GTG,0.000348,0.0053
T>G,GTT,1.46e-05,0.00235
T>G,TTA,2.23e-16,0.00522
T>G,TTC,5.51e-05,0.00656
T>G,TTG,0.000583,0.00694
T>G,TTT,2.23e-16,0.0135
