Mutation type,Trinucleotide,SBS1,SBS13,SBS18,SBS2,SBS22,SBS29,SBS3,SBS40,SBS41,SBS5,SBS8
C>A,ACA,0.000886,0.00182,0.0515,5.8e-07,0.00601,0.0632,0.0208,0.0282,0.00211,0.012,0.0441
C>A,ACC,0.00228,0.000721,0.0158,0.000148,9.54e-05,0.0512,0.0165,0.0134,0.00122,0.00944,0.0478
C>A,ACG,0.000177,0.000264,0.00243,5.23e-05,0.000765,0.0192,0.00175,0.00292,6.14e-05,0.00185,0.00462
C>A,ACT,0.00128,0.000348,0.0214,9.78e-05,0.00172,0.0356,0.0122,0.0148,0.00133,0.00661,0.047
C>A,CCA,0.000312,0.0014,0.074,0.000208,0.00183,0.0542,0.0225,0.0208,0.00238,0.00743,0.0401
C>A,CCC,0.00179,0.000968,0.0196,9.53e-05,0.00443,0.0369,0.0253,0.0147,0.000919,0.00614,0.0388
C>A,CCG,9.32e-05,4.33e-06,0.012,2.23e-16,0.000136,0.0148,0.00251,0.00254,0.000261,0.00346,0.00341
C>A,CCT,2.23e-16,2.22e-16,0.0363,0.000421,0.00011,0.0519,0.0154,0.0147,0.00265,0.00649,0.033
C>A,GCA,0.00158,0.000949,0.109,8.62e-05,0.00223,0.0971,0.00713,0.0142,0.00309,0.0102,0.0242
C>A,GCC,0.000339,0.000451,0.0173,2.23e-16,0.00173,0.0903,0.0109,0.0102,0.000723,0.00765,0.0262
C>A,GCG,0.000587,0.000164,0.00756,1.39e-05,0.000515,0.023,0.00143,0.00255,0.00022,0.00234,0.00274
C>A,GCT,2.23e-16,6.15e-05,0.0623,5.12e-05,0.000551,0.0846,0.01,0.0108,0.00195,0.00682,0.0269
C>A,TCA,6.58e-05,0.079,0.0738,0.000639,0.000784,0.0452,0.00841,0.026,0.00331,0.00786,0.0298
C>A,TCC,0.00253,0.0294,0.0436,0.00017,0.00174,0.0411,0.0168,0.021,0.00172,0.00917,0.0251
C>A,TCG,2.23e-16,0.0121,0.0127,8.53e-05,2.22e-16,0.0174,0.00141,0.00317,0.000207,0.0023,0.0019
C>A,TCT,5.88e-06,0.0355,0.122,0.00044,0.000396,0.0411,0.00997,0.0241,0.0059,0.0127,0.0319
C>G,ACA,0.00186,0.00387,0.00173,2.23e-16,0.00166,0.00314,0.0197,0.0122,0.00533,0.0101,0.00433
C>G,ACC,0.00122,0.000951,0.00259,0.000133,0.000195,0.00263,0.0117,0.00868,0.00316,0.0057,0.00295
C>G,ACG,0.000115,0.000264,0.00192,1.52e-05,0.000231,0.000896,0.000253,0.00225,0.00121,0.00172,0.000286
C>G,ACT,0.00114,0.004,0.00408,9.12e-05,6.2e-05,0.00249,0.0174,0.0146,0.00827,0.0101,0.00571
C>G,CCA,2.41e-05,0.00561,0.000613,2.23e-16,0.00105,0.00329,0.0193,0.00756,0.00208,0.00696,0.005
C>G,CCC,7.68e-05,0.000648,0.00226,0.000351,0.000785,0.00634,0.0141,0.00935,0.0012,0.00907,0.00546
C>G,CCG,0.000352,0.000488,0.00358,4.87e-05,0.000239,0.0013,0.0015,0.00168,0.000411,0.00249,1.05e-05
C>G,CCT,2.23e-16,0.0064,0.00379,6.36e-05,0.00032,0.00669,0.0223,0.0139,0.00503,0.00953,0.00549
C>G,GCA,9.59e-06,0.0015,0.000635,6.54e-05,0.0014,0.00227,0.0127,0.00506,0.00204,0.00468,0.00258
C>G,GCC,0.000164,0.000479,0.00134,0.000261,0.00093,0.00164,0.00863,0.00537,0.00269,0.00508,0.00239
C>G,GCG,0.000166,0.000241,0.000639,2.23e-16,0.000211,6.88e-06,0.00242,0.00119,0.000156,0.00151,0.000488
C>G,GCT,2.23e-16,0.0027,0.00123,0.000134,0.000455,0.00321,0.0147,0.00698,0.00356,0.00672,0.00486
C>G,TCA,2.23e-16,0.317,0.00214,2.23e-16,0.00356,0.000107,0.0133,0.0125,0.0199,0.00781,0.00147
C>G,TCC,0.000203,0.0635,0.00464,9.87e-05,0.00152,0.00683,0.0203,0.0141,0.0142,0.0076,0.00134
C>G,TCG,6.94e-05,0.0138,0.000899,4.12e-05,0.000381,0.000897,0.00052,0.00174,0.00193,0.00171,7.82e-05
C>G,TCT,0.00156,0.369,0.00318,0.00118,0.000388,0.000336,0.0235,0.0237,0.0446,0.0125,0.000249
C>T,ACA,0.025,0.00718,0.0092,6.11e-05,0.00176,0.00509,0.0142,0.0197,0.00988,0.0326,0.00681
C>T,ACC,0.00632,2.22e-16,0.00465,0.00138,0.00022,0.00431,0.0124,0.0121,0.00336,0.0179,0.00282
C>T,ACG,0.365,0.000303,0.0122,3.27e-05,0.00136,0.0201,0.00257,0.000267,0.00343,0.00618,0.00323
C>T,ACT,0.00958,0.000318,0.00797,0.00186,0.000616,0.00183,0.0121,0.0169,0.00635,0.022,0.0125
C>T,CCA,0.002,1.93e-05,0.0117,0.00432,0.00121,0.00761,0.0161,0.0196,0.00691,0.0194,0.00267
C>T,CCC,0.00027,0.00135,0.00676,0.00017,0.00319,0.00164,0.0202,0.0173,0.00185,0.019,0.00402
C>T,CCG,0.196,0.00199,0.0168,0.00277,0.000426,0.0153,0.00224,0.00236,0.0101,0.0175,0.00149
C>T,CCT,0.000196,0.00145,0.00665,0.00145,0.0016,0.000673,0.023,0.0216,0.00773,0.0231,0.0145
C>T,GCA,0.00444,0.00718,0.00968,2.23e-16,0.00238,0.0104,0.0164,0.0143,0.00601,0.0194,0.000276
C>T,GCC,9.28e-05,0.000921,0.00817,1.29e-07,0.00187,0.00796,0.0134,0.0116,0.00864,0.0216,0.000245
C>T,GCG,0.218,0.000178,0.0148,2.23e-16,2.22e-16,0.0183,0.000528,3.93e-18,0.0171,0.0123,0.00191
C>T,GCT,3.84e-05,0.00127,0.00669,5.04e-05,0.00176,0.00512,0.0113,0.0127,0.00841,0.0186,0.00461
C>T,TCA,0.00111,0.00693,0.0114,0.536,0.00159,0.00639,0.00576,0.03,0.0117,0.0203,0.00504
C>T,TCC,3.73e-05,0.00448,0.0114,0.0973,0.00132,3.61e-18,0.0133,0.0231,0.00647,0.023,0.000252
C>T,TCG,0.11,0.00119,0.0118,0.0442,3.77e-05,0.0144,0.000989,0.00212,0.00492,0.0159,4.17e-05
C>T,TCT,2.23e-16,0.00142,0.00375,0.3,2.22e-16,0.00428,0.00817,0.0224,0.0115,0.021,0.00527
T>A,ATA,8e-04,2.22e-16,0.00249,9.59e-05,0.0639,0.000619,0.00549,0.0061,0.00746,0.00738,0.0195
T>A,ATC,0.00223,6.52e-05,0.000878,0.000878,0.00701,0.002,0.00721,0.00444,0.0043,0.00693,0.0213
T>A,ATG,0.00114,0.00059,0.0026,2.55e-05,0.0606,0.00248,0.00964,0.00693,0.00303,0.00912,0.0228
T>A,ATT,0.000183,0.000606,0.00784,2.23e-16,0.00251,0.00196,0.00611,0.0107,0.0696,0.0062,0.025
T>A,CTA,4.3e-05,0.000209,0.000542,0.000243,0.128,0.00195,0.00794,0.00109,0.00362,0.00354,0.019
T>A,CTC,0.000393,0.000342,0.00306,0.000244,0.0551,0.00141,0.0178,0.00762,0.00319,0.00519,0.0292
T>A,CTG,0.000324,0.000226,0.00321,0.000149,0.168,0.00198,0.0132,0.00346,0.00312,0.00501,0.0276
T>A,CTT,0.00026,0.000523,0.00226,2.23e-16,0.0603,0.00198,0.0127,0.00928,0.00901,0.0043,0.0418
T>A,GTA,8.12e-05,6.7e-06,0.0016,2.23e-16,0.0537,0.00343,0.00706,0.00265,0.00233,0.00367,0.0128
T>A,GTC,0.000129,0.00013,0.00195,0.000131,0.0102,0.000789,0.00748,0.00343,0.00229,0.00291,0.0135
T>A,GTG,0.000246,4.7e-05,0.00183,6.38e-05,0.0375,0.00366,0.0116,0.00441,0.00143,0.00411,0.0156
T>A,GTT,0.000258,0.000358,0.00346,6.28e-05,0.00932,0.00107,0.0123,0.00577,0.00452,0.00322,0.0281
T>A,TTA,0.00672,0.000296,0.0108,0.000422,0.0718,0.000764,0.00651,0.00713,0.0806,0.00631,0.0115
T>A,TTC,2.23e-16,0.000232,0.00273,0.000192,0.0236,0.00193,0.0105,0.0103,0.0143,0.00414,0.0195
T>A,TTG,2.8e-05,0.000188,0.00179,5.01e-05,0.0732,0.000924,0.00671,0.00502,0.00929,0.00479,0.0129
T>A,TTT,0.00225,6.2e-05,0.0071,0.000205,0.0301,0.0012,0.013,0.021,0.0535,0.00875,0.0379
T>C,ATA,0.00109,0.00191,0.00202,6.17e-05,0.025,0.00196,0.0165,0.0187,0.0144,0.0462,0.00977
T>C,ATC,0.00304,0.000142,0.00209,2.15e-05,0.000899,0.00229,0.00776,0.00734,0.00579,0.0134,0.00501
T>C,ATG,0.000106,0.000428,0.00208,1.32e-05,0.00775,0.00275,0.0123,0.0155,0.00804,0.0382,0.00698
T>C,ATT,0.00574,0.000959,0.00424,0.000155,0.000755,0.00115,0.0173,0.0194,0.0177,0.0383,0.0149
T>C,CTA,2.23e-16,4.74e-05,0.000386,0.000302,0.00674,0.00118,0.00883,0.0109,0.0103,0.0133,0.00239
T>C,CTC,0.0025,0.000122,0.00246,2.85e-05,0.00134,0.00184,0.0145,0.00987,0.00525,0.0104,0.007
T>C,CTG,0.00036,2.22e-16,0.00162,2.23e-16,0.00203,0.00391,0.0101,0.0105,0.00557,0.0208,0.00126
T>C,CTT,4.26e-05,0.000112,0.00256,0.000186,0.000536,0.00178,0.0158,0.0136,0.00787,0.0149,0.00646
T>C,GTA,0.00105,0.000287,0.000708,2.23e-16,0.000721,0.00108,0.00998,0.00601,0.00606,0.0141,0.0026
T>C,GTC,0.0019,0.000182,0.00226,2.74e-05,0.00124,0.00359,0.00564,0.00458,0.00374,0.00794,0.00262
T>C,GTG,0.00117,0.000195,0.00398,0.000107,0.000581,0.00299,0.0109,0.00565,0.00351,0.015,0.00281
T>C,GTT,7.13e-05,2.22e-16,0.00315,1.25e-05,0.000834,0.00155,0.0102,0.00731,0.00389,0.0137,0.00629
T>C,TTA,0.000255,2.21e-05,0.0018,2.23e-16,0.00463,0.00259,0.0152,0.0102,0.0636,0.018,0.00208
T>C,TTC,0.00339,2.49e-05,0.00618,4.35e-05,2.22e-16,0.0015,0.00899,0.00755,0.0268,0.00971,0.00264
T>C,TTG,0.000416,9.98e-05,0.00326,0.000117,0.00122,0.000379,0.00693,0.00601,0.0205,0.0127,2.22e-16
T>C,TTT,0.00433,0.000531,0.00337,3.58e-05,2.22e-16,0.000822,0.0139,0.0102,0.0461,0.0185,0.00457
T>G,ATA,0.000172,6.14e-05,0.000721,0.000238,0.00233,0.000407,0.00395,0.00723,0.00753,0.00386,0.00164
T>G,ATC,0.000207,2.22e-16,0.000858,7.46e-05,5.09e-05,0.000817,0.0026,0.00705,0.00164,0.0026,0.000668
T>G,ATG,0.000268,8.25e-05,0.00199,2.05e-06,0.00295,0.00042,0.0063,0.00806,0.0027,0.00794,0.00477
T>G,ATT,0.000112,0.00032,0.00184,3.76e-06,4.18e-05,0.00081,0.00397,0.018,0.00761,0.00483,0.00074
T>G,CTA,3.55e-05,4.14e-05,0.000111,0.000153,0.00491,0.000781,0.00437,0.00335,0.00347,0.00259,0.00122
T>G,CTC,0.000212,2.82e-06,0.00199,0.000155,0.00088,5.69e-06,0.00704,0.00567,0.00241,0.00461,0.00195
T>G,CTG,0.000128,2.22e-16,0.00293,0.000121,0.00803,0.000332,0.0107,0.00559,0.00304,0.00613,0.0047
T>G,CTT,0.000171,5.55e-05,0.00414,0.000203,0.00119,0.000767,0.00703,0.0131,0.0105,0.0073,0.000574
T>G,GTA,2.23e-16,8.77e-05,0.00087,0.000209,0.00159,4.49e-05,0.00442,0.00249,0.0018,0.00252,0.00131
T>G,GTC,2.23e-16,2.22e-16,3.7e-05,0.000133,0.000236,9.17e-05,0.00234,0.00224,0.00095,0.00171,0.000656
T>G,GTG,0.000348,0.000426,0.00583,3.71e-05,0.00045,0.00077,0.0109,0.00445,0.0012,0.0053,0.00397
T>G,GTT,1.46e-05,2.89e-06,0.00214,2.23e-16,1.96e-05,0.00115,0.00583,0.00548,0.00347,0.00235,0.00129
T>G,TTA,2.23e-16,0.000184,0.000696,1.67e-05,0.00506,0.000467,0.00725,0.00846,0.0419,0.00522,2.22e-16
T>G,TTC,5.51e-05,2.22e-16,0.0021,7.04e-05,0.000752,9.93e-05,0.00628,0.0114,0.0155,0.00656,0.00114
T>G,TTG,0.000583,3.67e-05,0.00145,9.54e-05,0.00557,0.00018,0.00805,0.00866,0.0194,0.00694,0.00309
T>G,TTT,2.23e-16,1.89e-05,0.00516,2.23e-16,0.000595,0.000928,0.0105,0.025,0.0879,0.0135,0.000996
